QUERY,FREQ,is_question,question_type
teacher appreciation quotes,978,1,unknown
how to build a shower pan,812,1,unknown
where is mica found,817,1,unknown
what causes cheese to mold,289,1,what
how to write a quotation letter,345,1,unknown
what is carpe diem,563,1,what
how to write a formal invitation,251,1,unknown
cfe consulta tu recibo,1169,1,unknown
how did anne frank get caught,628,1,unknown
how to remove chatzum,261,1,unknown
what is the purpose of respiration,295,1,what
what is quebec famous for,395,1,what
what are polyps in the uterus,2191,1,what
musicas e clipes,681,1,unknown
what is graviola,650,1,what
terrenos na zona leste,880,1,unknown
oneida sterling silver,333,1,unknown
what is 3g network,382,1,what
midland tx obituaries,396,1,unknown
easter activities for children,335,1,what
casa e vidio,290,1,unknown
tim horton,613,1,unknown
which camera is the best,339,1,unknown
what is fat tuesday,650,1,what
how did kunta kinte die,801,1,unknown
sbcglobal sign in page,623,1,unknown
casas e sobrados modelos,464,1,unknown
macys printable coupons,6271,1,unknown
what is a theme,1269,1,what
how old is adam levine,996,1,unknown
how do bones repair themselves,617,1,unknown
hello in italian,248,1,unknown
what does prognosis mean,307,1,what
how to make grape syrup html,288,1,unknown
why are rivers important to people,248,1,unknown
what is 20 30 vision,1619,1,what
what is carpet made of,651,1,what
how to detox your body,577,1,unknown
how to cook stuffed mushrooms html,288,1,unknown
what is a plane figure,376,1,what
what is immune system,413,1,what
how to make cheese bread html,1038,1,unknown
rasmussen college,304,1,what
ohio minimum wage,281,1,unknown
how to calculate probability,770,1,unknown
sky fm,921,1,unknown
ladies gruen watches,358,1,unknown
flower stencils,827,1,unknown
how much is rv storage,613,1,unknown
how to cancel membership,923,1,unknown
how to stop a runny nose,662,1,unknown
diabetes what to eat,13096,1,what
what is the density of plywood,251,1,what
how tall is jennifer aniston,311,1,unknown
what is a sugar gliders,312,1,what
what is marketing,1630,1,what
countries in south africa,290,1,what
what is a reciprocal in math,313,1,what
what is babylon search,914,1,what
what is neuropathy of the feet,635,1,what
what is holy basil,350,1,what
what does epidemic mean,286,1,what
what causes stomach ulcers,2578,1,what
nova sw4 2014,799,1,unknown
biofreeze where to buy,384,1,unknown
wining number cash5,304,1,unknown
serie tv,320,1,what
what causes amyloidosis,257,1,what
what is colorectal screening,308,1,what
where to buy moonshine,642,1,unknown
what religion is katrina kaif,2000,1,what
what does the sec do,1173,1,what
what is mercedes benz target market,552,1,what
how many neutrons does magnesium have,546,1,unknown
what is a horses habitat,2088,1,what
how to open,1496,1,unknown
who is zendaya coleman,612,1,who
what is brazil famous for,457,1,what
how to make cinnamon buns,408,1,unknown
what are jeri ryan s measurements,450,1,what
what does selectively permeable mean,367,1,what
how long do you boil artichokes,297,1,unknown
what is a lyme disease,1741,1,what
how make cha lua,278,1,unknown
how to download free music?,469,1,unknown
nestle printable coupons,1415,1,unknown
what size generator,1195,1,what
how much does an ipad cost,876,1,unknown
how to apply for medical,413,1,unknown
price of mercury,382,1,what
what chemicals are in fertilizer,364,1,what
old cowboy pictures,451,1,what
gain weight for skinny girls,2664,1,what
how to make liquid starch,477,1,unknown
how does the spinning jenny work,671,1,unknown
how to enter cheat codes,729,1,unknown
what is ecoli,444,1,what
how to write a cheque,253,1,unknown
what is bbbj,323,1,what
spanish cake recipes,418,1,unknown
how to make pesto sauce shtml,776,1,unknown
how to write excuse absent letter,4946,1,unknown
what are symptoms of uti,695,1,what
famous logos trademarks,283,1,unknown
who is the president of mexico,292,1,who
help me solve a cryptic clue,278,1,what
free webcam broadcast chat,961,1,unknown
how much did abraham lincoln weigh,654,1,unknown
silver certificate appraisals,384,1,unknown
supercuts printable coupons,13689,1,unknown
where to buy itching powder,305,1,unknown
who discovered the element iron,722,1,who
what is maca powder benefits,2549,1,what
tatimet e mia,742,1,unknown
marilyn hickey prayer request,695,1,unknown
how to boil shrimp,643,1,unknown
where did gandhi die,455,1,unknown
amazons phone number,1262,1,unknown
hotels in downtown gatlinburg tn,283,1,unknown
mercedes sprinter usados,274,1,unknown
how test an ignition coil shtml,777,1,unknown
what is an allusion,498,1,what
how to install stereo,275,1,unknown
how much does the moon weigh,251,1,unknown
wileyplus access code,274,1,unknown
what causes petechiae,527,1,what
sleeping with sirens,673,1,what
what is pdf format,733,1,what
what does mercantilism mean,673,1,what
how to plant amaryllis,251,1,unknown
what is information technology,707,1,what
dtw parking coupons,265,1,unknown
how to clean laminate flooring,868,1,unknown
who is dr  chauncey crandall,322,1,who
what is stress,1782,1,what
what is the femur bone,436,1,what
what isf bond,333,1,what
tv en vivo futbol,4456,1,what
non alcoholic italian beverage recipes html,1925,1,unknown
what is monotheism,368,1,what
polsky tv,528,1,what
what is chronological order,11789,1,what
what is the capital of illinois,330,1,what
what is my astrology sign,262,1,what
what is the cure for diabetes,651,1,what
what does kappa mean,1253,1,what
how to tan quick outside,399,1,unknown
who discovered the golden ratio,441,1,who
up to the minute sports scores,587,1,unknown
why is corporate governance important,440,1,unknown
wic texas,297,1,what
what does ego mean,1415,1,what
picture spider bite,2674,1,unknown
how to gain weight for women,767,1,unknown
what does the spinal cord do,404,1,what
kohls locations in nj,289,1,unknown
what does the name lauren mean,266,1,what
how many people attend,863,1,unknown
what is a colon infection,459,1,what
how grow thyme,379,1,unknown
what to do this weekend,801,1,affirmation
what is protonix used for,397,1,what
red coquimbo tvn,301,1,unknown
ear canal,315,1,what
who invented the traffic light,839,1,who
where is magnesium found,331,1,unknown
toronto zoo coupons,1597,1,unknown
guitar,2617,1,unknown
what causes floaters in the eye,562,1,what
midwest states map,504,1,unknown
where is the amazon rainforest located,2500,1,unknown
charlie wilson videos,336,1,unknown
red boxes movies,1847,1,unknown
which is better,2343,1,unknown
what does fob stand for,310,1,what
what is appearance,321,1,what
how does a spring work,474,1,unknown
how yards in a mile,549,1,unknown
who is ron howard,496,1,who
career finder quiz,444,1,unknown
what is a rastafarian,397,1,what
what is mycelium,247,1,what
women designer church suits,516,1,unknown
is washington dc a state,648,1,unknown
what is a blue diamond,253,1,what
how to rid cockroaches,279,1,unknown
how to wire a subwoofer,275,1,unknown
what causes foot corns,329,1,what
star tattoo ideas,362,1,what
how do we get electricity,363,1,unknown
how to wire a trailer,486,1,unknown
where is yosemite national park located,830,1,unknown
what is a non newtonian fluid,976,1,what
what do cherries symbolize,255,1,what
what is determination,437,1,what
how to calculate tidal volume,286,1,unknown
clean short jokes,2508,1,unknown
how long do pimples last,372,1,unknown
how to read wiring diagrams,1522,1,unknown
how big do beagles get,296,1,unknown
who invented the magnifying glass,374,1,who
how to convert grams to ounces,1126,1,unknown
here comes the bride song,269,1,what
cvs printable coupons,337,1,unknown
we buy any car,281,1,unknown
what countries practice christianity,571,1,what
how to grow apple trees,445,1,unknown
space saver toaster oven,454,1,unknown
what is garam marsala,494,1,what
how to increase credit score,330,1,unknown
how do droughts form,346,1,unknown
how to read tire dates,392,1,unknown
what do muskrats eat,736,1,what
how to make fabric colorfast,784,1,unknown
what is the mediterranean diet shtml,298,1,what
how many satellites does venus have,456,1,unknown
what is lysine used for,275,1,what
sign of bipolar disorder,566,1,what
what does a gnat look like,404,1,what
ford truck f 150 html,248,1,unknown
what did the cherokee indians eat,372,1,what
jekyll island vacation rentals,563,1,unknown
what time is it in,269,1,when
sunday brunch menu,1107,1,unknown
texas facts for kids,582,1,what
what is the environment,511,1,what
audie murphy married,259,1,what
how to grow rhododendron,1415,1,unknown
what does the hymen look like,725,1,what
how much do prosthetic fingers cost,341,1,unknown
what is international trade,357,1,what
locating a previous address,297,1,what
victor e leo musicas para ouvir,420,1,unknown
how to write a contract agreement,696,1,unknown
how to build a cupola,668,1,unknown
who framed roger rabbit,305,1,who
who is kelly tilghman,567,1,who
how to make space cakes html,1478,1,unknown
download old songs,674,1,what
what is whipworm in dogs,355,1,what
why do people talk to themselves,528,1,unknown
what is chondromalacia,539,1,what
what is the poverty level,268,1,what
wonderland ticket price,422,1,what
what is a domestic profit corporation,448,1,what
na meeting schedule,2665,1,unknown
what does an echocardiogram show?,248,1,what
who invented the tampon,469,1,who
how to type an eviction notice,402,1,unknown
meineke discount coupons,260,1,unknown
where does nuclear power come from,570,1,unknown
city for area code 314,257,1,what
why do stitches itch,277,1,unknown
how tall is a leprechaun,426,1,unknown
what is proportion in art,733,1,what
greyhound australia,441,1,unknown
what are the five animal kingdoms,294,1,what
what level does nidoran evolve,363,1,what
how to kill tree roots,713,1,unknown
shortys coupons,284,1,unknown
how to name a business,380,1,unknown
how to cook grits,388,1,unknown
what is the viscosity of water,285,1,what
what causes thrush mouth,732,1,what
say move,1253,1,unknown
honda trike conversion kits,674,1,unknown
sprint tv,885,1,what
how to make gnocchi,303,1,unknown
how to bake fish,573,1,unknown
what does bistro mean,802,1,what
how to make chicken enchiladas html,761,1,unknown
where is newfoundland located,252,1,unknown
what is soil,625,1,what
what is a private sector organisation,264,1,what
who is tatyana ali s father,378,1,who
silverplate flatware worth anything,1620,1,what
where find boulders sale,535,1,unknown
gatlinburg aquarium coupons,302,1,unknown
where is the gallbladder,312,1,unknown
what does distinguish mean,325,1,what
what causes tinnitus,1474,1,what
jogos na lua,278,1,unknown
how to draw house plans,1709,1,unknown
how to write a solicitation letter,1270,1,unknown
what is the average human iq,476,1,what
flower garden design,643,1,unknown
baker cyst picture,6024,1,unknown
how to wire a transformer,526,1,unknown
tv patrol laoag,255,1,what
what is methandienone,491,1,what
what plants grow in acidic soil,258,1,what
what causes enlarged lymph nodes,485,1,what
big cola,275,1,unknown
pictures of castles,844,1,what
how to do magic tricks,798,1,unknown
how old is vin diesel,365,1,unknown
sam s club in maryland,310,1,what
what are ferrous metals,298,1,what
e mail messages,340,1,unknown
what does magnesium smell like,289,1,what
attractions in galveston texas,523,1,what
how to freeze lemons,260,1,unknown
ford truck f 450 html,495,1,unknown
musica e letra,1750,1,unknown
what is the gall bladder,378,1,what
tim viec lam nail,415,1,unknown
what is an agnostic,444,1,what
amberen coupons,1031,1,unknown
how to build a horse shelter,344,1,unknown
what do my name mean,335,1,what
homemade spanish rice,446,1,unknown
how long is a check valid,646,1,unknown
tv gratis na net,707,1,what
what are the 7 continents,11429,1,what
why is reading important,750,1,unknown
pickup truck rental companies,847,1,unknown
where is czechoslovakia located,480,1,unknown
what is bookkeeping,284,1,what
how to steam asparagus,351,1,unknown
what is troy ounce,1309,1,what
cd novo jorge e mateus,300,1,unknown
what does chlamydia look like,594,1,what
descargar root explorer gratis,598,1,what
what do african dwarf frogs eat,426,1,what
where did christopher columbus live,646,1,unknown
italian heather plant,557,1,what
locate a business license number,686,1,unknown
what is a surname,454,1,what
what do golgi bodies do,249,1,what
baseball on tv today,718,1,what
frog pictures to print,1341,1,unknown
pre diabetic menu,904,1,unknown
aplicativos e jogos java,327,1,unknown
dogs for adoption in ct,465,1,what
what is cellulites,2440,1,what
what is the rough endoplasmic reticulum,340,1,what
how to facetime,298,1,unknown
cliffs notes,627,1,unknown
where is area code 719,410,1,unknown
dia do indio 19 de abril,284,1,unknown
what does a mockingbird look like,689,1,what
what is autocad used for,259,1,what
why are giant pandas endangered,445,1,unknown
what is kirsch,322,1,what
home depot com,4357,1,unknown
how to create a url,993,1,unknown
646 area code,388,1,unknown
what does the judicial branch do,1115,1,what
is nicki minaj married,916,1,what
what causes dark elbows,772,1,what
what is a centipede,520,1,what
what states allow studded snow tires,465,1,what
what is social darwinism,698,1,what
hitachi tv manuals,255,1,what
what color goes with burgundy,1187,1,what
states where pot is legal,304,1,unknown
how to check engine oil,433,1,unknown
how harmful is inhaling burnt plastic,1080,1,unknown
texas caviar recipe,768,1,what
how to stop coughing at night,412,1,unknown
what is business finance,318,1,what
how to clean hard drive,262,1,unknown
how host prohibition party,442,1,unknown
what is aerodynamics,324,1,what
phone number irs refund,2158,1,unknown
who invented smart goals,548,1,who
making words with letters,316,1,what
who discovered sound,251,1,who
santa claus number,523,1,unknown
galveston island map,289,1,unknown
how to clean pewter,687,1,unknown
who discovered easter island,381,1,who
what is nail fungus,1830,1,what
tv gratis para celular,6270,1,what
old mobile homes for sale,406,1,what
how to submit to askcom,350,1,unknown
what did rachel carson invent,251,1,what
what do barn owls eat,683,1,what
what is mechanical engineer,341,1,what
what is a sole proprietorship,384,1,what
famous brand logos,277,1,unknown
what are symptoms of a hernia,424,1,what
how to clean rust off metal,255,1,unknown
where is tahiti located,1387,1,unknown
italian decorations,399,1,unknown
horseshoe pit blueprints,585,1,unknown
ghetto nicknames,1267,1,unknown
how is ms diagnosed,391,1,unknown
panasonic tv calibration,469,1,what
what is ph,820,1,what
where is greenland located,249,1,unknown
chiari malformation type 1,892,1,what
vegetables high in calcium,562,1,unknown
what is theoretical perspective,1106,1,what
cookies from cake mix,329,1,what
linguagem formal e informal,727,1,unknown
what do slugs eat,1018,1,what
where is gallbladder,842,1,unknown
joao bosco e vinicius,1257,1,unknown
what animals live in wetlands,458,1,what
percentage conversion chart,619,1,what
clogged ear treatment,390,1,unknown
owners manual for electric scooter,749,1,unknown
what is agnostic beliefs,276,1,what
how long is implantation bleeding,468,1,unknown
how to make communion bread html,398,1,unknown
why is cloning bad,473,1,unknown
what is tyler perry contact info,490,1,what
what attracts pisces,542,1,what
names in italian,277,1,unknown
what is an earthquakes,358,1,what
what do lizards look like,364,1,what
what is gaba,261,1,what
what is a spastic colon,510,1,what
toshiba tv reviews,629,1,what
vampire diaries cast,312,1,unknown
who invented recycling,401,1,who
what is high tea,263,1,what
how to build a picnic pavilion,272,1,unknown
how old is the queen,470,1,unknown
citifinancial auto phone number,1083,1,unknown
what is 3rd base in relationships,298,1,what
how does a comet begin,274,1,unknown
cavalier king charles spaniels for adoption,1398,1,what
birthday alarm,271,1,unknown
how do wetlands form,375,1,unknown
festivals in may,296,1,unknown
what is kosher food,304,1,what
what does gabriel mean,526,1,what
what causes hypothyroidism,355,1,what
mi ranchito menu,296,1,unknown
what is a liter,294,1,what
how to repair transmission,823,1,unknown
valentine crafts for children,281,1,what
what year did nintendo come out,464,1,what
what is a subject pronoun,508,1,what
what to say to your crush,1016,1,what
why is management necessary?,286,1,unknown
baking soda to clean sterling silver,463,1,what
apn number search,327,1,unknown
what is an interval in math,703,1,what
what objects are cone shaped,508,1,what
where to buy dettol,363,1,unknown
how to repair touch screen,307,1,unknown
famous twins,330,1,unknown
spiders in michigan,645,1,what
nicoderm cq coupons,487,1,unknown
who is daniel boone,441,1,who
who lives here,1422,1,who
who is my boyfriend,298,1,who
what does bmo stand for,322,1,what
globo tv ao vivo gratis,1626,1,what
rj tv,1930,1,what
where s my refund?,623,1,unknown
how to cook sea cucumber html,263,1,unknown
the united states,1177,1,what
where is kiawah island,580,1,unknown
what is the capital of sweden,415,1,what
who are ikea competitors,1867,1,who
cheapest flatscreen tv,974,1,what
how to cook kielbasa,254,1,unknown
what channel is trutv,540,1,what
girl scout cookies 2013,336,1,what
jogos ao vivo na globo,460,1,unknown
veria tv recipes,1015,1,what
whdh tv,569,1,what
how do you store fresh garlic,473,1,unknown
lmc chevy truck parts,2802,1,unknown
who is leonardo dicaprio s wife,1670,1,who
how to set up,713,1,unknown
how to hang yourself successfully,783,1,unknown
natural soap making,300,1,what
what years were the 19th century,477,1,what
fuiste tu ricardo,332,1,unknown
what is mange,260,1,what
how to unblock websites,1635,1,unknown
what is an irregular verb,636,1,what
where do komodo dragons live,394,1,unknown
how to contact mark cuban,298,1,unknown
how to change an oil pump,1173,1,unknown
is green tea decaffeinated,287,1,unknown
what do hyenas eat,593,1,what
inner ear imbalance treatment,382,1,unknown
what is a penguins habitat,455,1,what
what is snap do,371,1,what
how to hack directv access cards,2744,1,unknown
startlap hu,22598,1,unknown
betty crocker coupons,400,1,what
price chopper,1234,1,what
grupo ta na mente mp3,372,1,unknown
how long to ship,528,1,unknown
hockey on tv today,356,1,what
tv satellite services,248,1,what
what do rodents eat,311,1,what
recipes with crushed pineapple,260,1,what
where do meerkats live,537,1,unknown
who united upper and lower egypt,380,1,who
what does the attorney general do,265,1,what
motor ap 1 8,303,1,unknown
pelvis picture,333,1,unknown
what is mitral valve regurgitation,427,1,what
filmon tv,305,1,what
lojas tim beta,335,1,unknown
legal petition forms,392,1,what
what causes rapid weight loss,268,1,what
what is anxiety disorders,248,1,what
how to remove moles,255,1,unknown
how many days does ovulation last,622,1,unknown
texas mile marker map,254,1,what
how many ounces is a shot,293,1,unknown
na estante pitty letra,471,1,unknown
what are signs and symptoms,631,1,what
how to dye carpet,1569,1,unknown
what is stock exchange,272,1,what
how to kill mold and mildew,1260,1,unknown
what is a geopolitical community,325,1,what
where is stein mart located,856,1,unknown
where do nuts come from,369,1,unknown
what is gout arthritis,520,1,what
carnival cruises ships,277,1,unknown
who invented steel,952,1,who
ellen degeneres tv show,1875,1,what
haitian tv,539,1,what
how to transplant sago palms,573,1,unknown
how much is scrap gold worth,317,1,unknown
silver daddy,254,1,unknown
what does an alternator do,1120,1,what
how much is my traffic ticket,253,1,unknown
picture of impetigo,940,1,what
does josh peck have a girlfriend,387,1,affirmation
what is caesar augustus famous for,262,1,what
download mega cubo tv,683,1,what
what is credit,423,1,what
foods eaten in england,271,1,what
how much money do chefs make,1817,1,unknown
singer old machines,407,1,unknown
who is miley cyrus boyfriend,337,1,who
what is charge syndrome,320,1,what
repuestos general electric,309,1,unknown
how much do coins weigh,723,1,unknown
what does biased mean,793,1,what
female pig names,283,1,what
male names,546,1,unknown
photos of plantar warts,728,1,what
how does a thermistor work,311,1,unknown
what is time management,530,1,when
what are liquid assets,347,1,what
why is helen keller famous,398,1,unknown
what sea surrounds jamaica,350,1,what
how common is a missed miscarriage,301,1,unknown
how to get rid of caterpillars,1239,1,unknown
why is flag at half mast,385,1,unknown
who makes pegasus faucets,589,1,who
woodsmith shop,468,1,unknown
how to a paper air plane,366,1,unknown
tube you com,22933,1,what
what does prevalence mean,619,1,what
what is the most poisonous spider,295,1,what
creamy italian salad dressing recipe html,259,1,unknown
jogos do carrossel 2,357,1,unknown
scotts coupons,995,1,unknown
what causes bells palsy,1204,1,what
who hosts afv,375,1,who
how to write a memorandum,1425,1,unknown
how to seal marble,284,1,unknown
who started the industrial revolution,288,1,who
how do rattlesnakes reproduce,304,1,unknown
bank of nova scotia jamaica,320,1,what
how to sign a memo shtml,1642,1,unknown
ustream tv futbol en vivo,251,1,what
what is phytoplankton,389,1,what
what is a tier 1 supplier,1869,1,what
bonefish restaurant menu,277,1,unknown
how many watts make an amp,255,1,unknown
what is the capital of iowa,308,1,what
what is the nebular theory,2869,1,what
what is the function of genes,295,1,what
how is hail formed,573,1,unknown
na meetings,1326,1,unknown
dirty text chat,752,1,unknown
what is the hydrosphere,252,1,what
cezar e paulinho,376,1,unknown
what is rectal cancer,1160,1,what
what do land snails eat,264,1,what
dental root canal procedure,479,1,what
rbc1 tv,269,1,what
guideposts phone number,1629,1,unknown
italian pizzelle recipes,480,1,unknown
how to install a turbo kit,453,1,unknown
how much is a ps2 worth,354,1,unknown
what is polyfax ointment used for,566,1,what
what is acute myeloid leukemia,302,1,what
what does a hernia feel like,2073,1,what
what is a stig,267,1,what
e mail address finder,1465,1,what
help me identify a bug,1047,1,what
what size is king mattress,1182,1,what
how to get bonded,1664,1,unknown
why are cougars endangered,301,1,unknown
who invented the ballpoint pen,266,1,who
how to make rice puffs html,292,1,unknown
who sang mack the knife,266,1,who
who makes the best juicer,1041,1,who
how to become pregnant fast,348,1,unknown
elvis presley coins,527,1,unknown
what is cause and effect?,301,1,what
how to grow marijuana indoors,435,1,unknown
where are the hummingbirds,388,1,unknown
who is martina colombari,911,1,who
why are tariffs important,349,1,unknown
what on hbo tonight,295,1,what
hotmail inbox messages html,307,1,unknown
how to install insulation,680,1,unknown
patent number lookup,2457,1,unknown
what are symptoms of breast cancer,255,1,what
spanish names for girls,847,1,what
nelnet student loans,366,1,what
live tv lebanon mtv,423,1,what
hardwood installation guide step by step,402,1,what
where is angkor wat located,301,1,unknown
big hipermercado porto alegre,291,1,unknown
how tall is clint eastwood,306,1,unknown
bougainvillea how to grow,1339,1,unknown
what fruits are good for diabetics,2071,1,what
is paypal safe shtml,318,1,affirmation
what is emulsification,447,1,what
what causes ear mites in dogs,403,1,what
what do flea eggs look like,898,1,what
what is endocrinologist,2930,1,what
wageline victoria number,249,1,unknown
how to poison a cat?,706,1,unknown
hardees printable coupons,5051,1,unknown
how are minerals made,329,1,unknown
how to trim river birch trees,322,1,unknown
zee tv,5795,1,what
what are ethics,427,1,what
how to make taco soup html,286,1,unknown
how to cook flat iron steak,1409,1,unknown
who is annette funicello,1756,1,who
who invented lipstick shtml,631,1,who
subway printable coupons,4554,1,unknown
how to tune your ukulele,327,1,unknown
what area code is 010,398,1,what
dobbs coupons,438,1,unknown
red tud,262,1,unknown
what is security,269,1,what
how to change a headlight,455,1,unknown
what causes radon gas,303,1,what
what is a friend,423,1,what
vinyl outdoor storage sheds,1160,1,unknown
how to test a diamond,508,1,unknown
what are ios photos,289,1,what
what does deforestation mean,773,1,what
cheapest silver bars,415,1,what
how to check louis vuitton authenticity,473,1,unknown
what does hydroscopic mean,1095,1,what
why do ankles swell,406,1,unknown
who is elizabeth jean scott,2500,1,who
how to use craig list,264,1,unknown
work from home opportunities for nurses,641,1,affirmation
what does the name rebecca mean,417,1,what
what is the paleo diet,1021,1,what
what is propaganda,921,1,what
what are mammals,358,1,what
teaspoon conversion convert,808,1,unknown
tsn sports canada,667,1,what
symptoms of diabetes in women,26194,1,what
what does mitochondria do,388,1,what
table decorations for a retirement party,437,1,what
what is a heart healthy diet,579,1,what
how long does bacon last,254,1,unknown
what is the abbreviation for assistant,292,1,what
why do birds peck at windows,317,1,unknown
motel coupons,495,1,unknown
tv en vivo caracol,1775,1,what
pictures of wedding hairstyles,2386,1,what
what does professionalism mean,602,1,what
how do girls urinate,606,1,unknown
what is a dangerous inr level,429,1,what
how to make german potato salad,251,1,unknown
how to lower blood sugar levels,855,1,unknown
quilted northern coupons,622,1,unknown
what are the signs of arthritis,3130,1,what
where are magnets found,351,1,unknown
what eats a panda bear,326,1,what
the view tv show website,330,1,what
how many cm in a inch,372,1,unknown
petsmart printable coupons,1792,1,unknown
what is frankincense,435,1,what
what are the multiples of 100,279,1,what
verizon 1800 number,274,1,unknown
croche e trico receitas,887,1,unknown
who was born on this day,473,1,who
how to treat scorpion bites shtml,2444,1,unknown
what do wild birds eat,414,1,what
refill helium tanks,603,1,unknown
who won the revolutionary war,1708,1,who
what is paleo diet,433,1,what
how to cure adrenal fatigue,340,1,unknown
who invented magnets,602,1,who
empire theatres nova scotia,1486,1,what
what are ways to get pregnant,424,1,what
corel x4 serial number,5209,1,unknown
how to change a deed,431,1,unknown
what animal eats coyotes,630,1,what
what is the greater than sign,3681,1,what
souper salad coupons,1668,1,unknown
how to become a singer,775,1,unknown
what are the commonwealth states,1139,1,what
young girls,1215,1,unknown
lemon tree coupons,406,1,unknown
songs by the eagles,324,1,what
tv,12796,1,what
mecum auto auction kansas city,429,1,what
how make custom snapback hats,1303,1,unknown
pictures of chlamydia,746,1,what
1982 chevy truck for sale,330,1,what
what is tetanus,271,1,what
serie tv gratis,315,1,what
what is holy communion,641,1,what
how to apply for dream act,561,1,unknown
how long do snakes hibernate,260,1,unknown
babys r us,1185,1,unknown
how to write an obituary,805,1,unknown
harley davidson salvage parts,1931,1,unknown
how accessorize bold print dress,424,1,unknown
chiropodist in my area,339,1,unknown
what is a june bug,394,1,what
stages of pressure sores,952,1,what
toyota truck seats,353,1,unknown
what is the purpose of technology,930,1,what
what does factor mean,578,1,what
how to grade diamonds,339,1,unknown
aline barros e cia homenzinho torto,272,1,unknown
what causes rectum bleeding,562,1,what
little caesars pizza locations in texas,427,1,what
what is in vinegar,266,1,what
how to write an exemplification essay,335,1,unknown
how many cups is a gallon,1600,1,unknown
where does mick jagger live,547,1,unknown
what is silver worth,1535,1,what
what is icloud,1015,1,what
where find business casual clothing men,384,1,unknown
pictures of yard waterfalls,266,1,what
what is apps,465,1,what
how to solve number patterns,520,1,unknown
how to record tv programs,394,1,unknown
what is neutrophils absolute,297,1,what
how long do boils last,1122,1,unknown
what is the inflation rate,423,1,what
what causes lung scarring,1075,1,what
baked fresh ham recipe,338,1,unknown
pictures of short haircuts 2013,1792,1,what
pnc bank routing number,441,1,unknown
electric fuel pump testing,371,1,unknown
who won the persian war,256,1,who
wwii navy ships,317,1,unknown
pictures of winged termites,324,1,what
what causes nitrates in urine,419,1,what
how to sell on craigslist shtml,290,1,unknown
what is defamation of character,488,1,what
pictures of hiv rash,8344,1,what
how to write an essay?,508,1,unknown
how much is a gold rolex,281,1,unknown
what is shortness of breath,540,1,what
how to replace a drive belt,291,1,unknown
elvis presley dvds,392,1,unknown
how to clean corian countertops,405,1,unknown
what is overt behavior,2338,1,what
what does apr mean,321,1,what
what does a kangaroo look like,766,1,what
clean silver using aluminum foil,304,1,what
where does fluoride come from,333,1,unknown
what is empirical research,796,1,what
what is a dongle,1153,1,what
england pottery,757,1,what
what is halley comet made of,510,1,what
what is buspar 15mg,309,1,what
purple place,1018,1,what
what does cohesive mean,463,1,what
what attracts flying ants,339,1,what
how to make refried beans,478,1,unknown
how do you prepare rhubarb,277,1,unknown
what is ptsd symptoms,536,1,what
where does a koala live,255,1,unknown
what is chol hdl ratio,255,1,what
e gunparts,717,1,unknown
where to refill co2 tank,1516,1,unknown
what happened in court today,477,1,what
what is a sociopathic person,636,1,what
how to concrete,296,1,unknown
what is reflexology,323,1,what
dark shadows cast,281,1,unknown
how to make a title page,544,1,unknown
what are some informative speech topics,319,1,what
what does a miscarriage look like,1478,1,what
how much do alpacas cost,385,1,unknown
what is a pulmonary nodule,936,1,what
too short songs,296,1,what
oatmeal recipes for breakfast,308,1,what
what is copper used for?,253,1,what
what causes transmission fluid to leak,575,1,what
who is the father of geometry,1699,1,who
how do you remove ear wax,564,1,unknown
what is the highest iq score,481,1,what
ford truck towing capacities,2703,1,unknown
what is adjective,1211,1,what
how do i calculate business turnover,306,1,unknown
how much is my gun worth,1790,1,unknown
who makes falken tires,827,1,who
famous people with multiple sclerosis,1218,1,what
why are my arborvitaes turning brown,408,1,unknown
what happens when milk is pasteurized,520,1,when
how long do rabbits stay pregnant,953,1,unknown
ebt phone number,431,1,unknown
silver investing,248,1,unknown
pueblo community college,354,1,what
how to build a tiki hut,381,1,unknown
what do mallard ducks eat,454,1,what
how to install crown molding,427,1,unknown
how to asbestos removal,327,1,unknown
what is ms excel,339,1,what
what is an eagle nest called,947,1,what
how are batteries made,460,1,unknown
asthma attack,289,1,unknown
are shotty lymph nodes normal,685,1,what
how to pass kidney stones,2155,1,unknown
what is lye,274,1,what
how to make rice krispies,445,1,unknown
how do you make bbq sauce,423,1,unknown
fried pies,298,1,unknown
what causes heartburn,644,1,what
achados e perdidos,949,1,unknown
what does the gallbladder do,462,1,what
what is brain aneurysm,1803,1,what
what weighs a kilogram,320,1,what
price old records,3467,1,affirmation
how tall is tamra barney?,328,1,unknown
what is a natural diuretic,595,1,what
myspace  com,766,1,unknown
what is zinc used for,311,1,what
how to make swag curtains,515,1,unknown
what is a conservative,269,1,what
how to huff hairspray,286,1,unknown
how many calories in a kiwi,284,1,unknown
what coins are worth money,314,1,what
what is angioprim,262,1,what
ethel kennedy,334,1,what
what is giardia,368,1,what
how to make italian salami html,1180,1,unknown
what is amnesty,283,1,what
what does political mean,343,1,what
what is itube,849,1,what
how to contact paula deen,1788,1,unknown
how to clean wood,991,1,unknown
where to buy haggis,249,1,unknown
tennis on tv today,2562,1,what
does ralph carter have aids,651,1,affirmation
old coca cola bottles worth,1908,1,what
autism research,507,1,unknown
what is a 501c3,792,1,what
where is the liver located,390,1,unknown
why are values important,793,1,unknown
incredible hulk birthday cake,264,1,what
what is a grant deed,248,1,what
who invented acrylic nails,412,1,who
similac formula coupons,713,1,unknown
taylor swifts number,860,1,unknown
how old is snoop dog,833,1,unknown
battle of little big horn map,374,1,what
where to buy chia seed,271,1,unknown
how does a slingbox work,479,1,unknown
what is the most reactive nonmetal,284,1,what
italian glassware,535,1,unknown
who will take old encyclopedias,508,1,who
what is a good sympathy saying,348,1,what
how to make rice paper,1087,1,unknown
what is a promo code,1710,1,what
mercedes c320 html,2415,1,unknown
tv caracol en vivo gratis,349,1,what
who is affected by poverty,397,1,who
why is liberty important,344,1,unknown
area code lookup 503,263,1,unknown
where is bahrain located,314,1,unknown
what is a desert,257,1,what
what font does twitter use,1021,1,what
how does meningitis spread,273,1,unknown
six women,474,1,what
entrar hot mail caixa de entrada,640,1,what
what does unicellular mean,413,1,what
how to start a booster club,1621,1,unknown
how long does mail take,6522,1,unknown
what were the crusades,288,1,what
heinz baked bean recipes html,428,1,unknown
doces finos e bem casados,286,1,unknown
how old is raini rodriguez,261,1,unknown
how do you clean leather sofas,345,1,unknown
what is a ceremonial speech,385,1,what
how do kangaroos mate,471,1,unknown
what is liver pain,1019,1,what
amtrak train ticket price,1358,1,unknown
picture me portrait studios,1104,1,what
how to use a french curve,278,1,unknown
what is cross contamination,320,1,what
why the sky is blue,887,1,unknown
where is the holy land located,480,1,unknown
where is british columbia located,316,1,unknown
roast turkey breast recipe,904,1,unknown
texas eviction process,833,1,what
where is the vin number,740,1,unknown
poems for parents to be,470,1,affirmation
what is a consonant digraph,260,1,what
how to make your boyfriend laugh,380,1,unknown
how to plant sweet peas,254,1,unknown
free vin number search,9706,1,unknown
how do you treat ringworm,409,1,unknown
who makes the best ar15,395,1,who
en vivo tv televisa,1607,1,what
how to write a narrative statement,448,1,unknown
why is social security important,337,1,unknown
how big is a cubic foot,2718,1,unknown
how do cashew nuts grow,276,1,unknown
what is a circuit,735,1,what
benefiber coupons,317,1,unknown
how to shrink hemorrhoids,600,1,unknown
what is a hash tag,695,1,what
what causes sciatic nerve pain?,528,1,what
what causes kidney cancer,652,1,what
basic oatmeal recipe html,662,1,unknown
how did pennsylvania get its name,333,1,unknown
what is the meaning of republic,636,1,what
what is a nonallopathic lesion,513,1,what
what is informal communication,488,1,what
famous athletes,3849,1,unknown
what causes convection currents,1400,1,what
how to install sprinklers,387,1,unknown
what do canadians wear,982,1,what
why was ann curry fired,302,1,unknown
where is area code 613,910,1,unknown
where to buy pebbles,280,1,unknown
ignition switch,1593,1,unknown
iurd tv assistir ao vivo,714,1,what
is michelle stafford married,1138,1,what
what causes eyes to water,454,1,what
tv en vivo azteca deportes,257,1,what
how to clean laminate wood flooring,403,1,unknown
brunswick stew recipes,774,1,unknown
lowest price yokohama tires,436,1,what
how did france get its name,456,1,unknown
how to plant watermelons,545,1,unknown
macaroni grill coupons,826,1,unknown
r values for insulation,877,1,what
what is plant respiration,575,1,what
serial number generator,2172,1,unknown
ademco alarm user guide,335,1,unknown
how to cook canned salmon html,329,1,unknown
types of ants pictures,3569,1,what
how to care for bonsai trees,310,1,unknown
what is a good cholesterol level,644,1,what
dmv appointment number,455,1,unknown
where are your lymph nodes,821,1,unknown
who is the us representative,1074,1,who
what is simile,443,1,what
vegetables high in vitamin k,437,1,unknown
how do flamingos protect themselves,466,1,unknown
jornal hoje na globo,335,1,unknown
name all the root vegetables,959,1,unknown
straight talk 1800 number,1393,1,unknown
what does data mean,276,1,what
what are heel spurs,821,1,what
what is geologic time scale,406,1,when
how many weeks pregnant,697,1,unknown
lufthansa airlines phone number,408,1,unknown
mary shelley,293,1,unknown
how prune peonies,494,1,unknown
what does back labor feel like,250,1,what
franklin county ohio obituaries,279,1,unknown
what causes anemia in men,605,1,what
how tall is jaden smith now,316,1,unknown
how to copyright song lyrics,887,1,unknown
what does a crankshaft do,290,1,what
what is a 7 sided polygon,561,1,what
pollo campero menu,583,1,unknown
how to color concrete,770,1,unknown
what is morton s neuroma,806,1,what
where is kidney pain,867,1,unknown
how many states in the us,375,1,unknown
postal zip codes by address,829,1,what
make a data table,307,1,unknown
examples of class agnatha,312,1,what
what is the address,809,1,what
what is interstitial lung disease,673,1,what
how to make owl boxes,437,1,unknown
what is blood sugar,271,1,what
jp ask com,663,1,unknown
what is organizational change,1972,1,what
how to heat sauerkraut,941,1,unknown
what is uterine prolapse,474,1,what
how does soil effect plant growth,300,1,unknown
bucara tv en vivo,305,1,what
what is chile famous for,535,1,what
survivor women,522,1,unknown
daytona beach florida,1039,1,unknown
is stuart mclean married,618,1,what
when did racism start,1705,1,when
what is a card reader,688,1,what
old home remedies for earache,280,1,what
how apply social security benefits,610,1,unknown
colognes that turn women on,1237,1,unknown
what is a hygrometer,326,1,what
what are the articles of confederation,266,1,what
chama gaucha coupons,548,1,unknown
brunswick crank phonograph,284,1,unknown
who invented the easter bunny,370,1,who
college baseball standings,369,1,what
how much does chrome plating cost,502,1,unknown
what is a variable annuity,567,1,what
what color goes with red,479,1,what
how do you subtract fractions,821,1,unknown
does walmart have western union,579,1,affirmation
how did maryland get its name,1147,1,unknown
tv univision en vivo gratis,53438,1,what
flea markets in nj,439,1,unknown
what causes skin tags?,298,1,what
www pogo tv,925,1,what
what is vocational education,329,1,what
what does therapeutic mean,538,1,what
cosmetology quiz,311,1,unknown
when do you plant tulips,332,1,when
what is eggshell paint,407,1,what
what is prose,264,1,what
programa panico na tv ao vivo,1001,1,what
spyder motorcycle price,645,1,what
bumper,607,1,unknown
where are metamorphic rocks found,849,1,unknown
how to make hibachi chicken html,292,1,unknown
what is ramadan,265,1,what
how many children,786,1,unknown
how long to bake chicken thighs,416,1,unknown
how did james gandolfini die,273,1,unknown
how to cook zucchini squash,334,1,unknown
where is the thyroid,395,1,unknown
lump in upper arm,1016,1,unknown
how to make breaded chicken html,273,1,unknown
what is essay,450,1,what
why should we protect the environment,729,1,unknown
1847 rogers bros silver nickel,539,1,unknown
what is gentian violet,541,1,what
assisti tv gratis,406,1,what
what is sale or return basis,268,1,what
song lyrics printer friendly,271,1,what
is savannah guthrie married,329,1,what
how to check a cdi box,1604,1,unknown
where are hyundai cars made,395,1,unknown
tv globo rj,826,1,what
how to get rid of mold,1867,1,unknown
how are volcanic mountains formed,1149,1,unknown
what does liberal mean,1530,1,what
what does llc mean,745,1,what
what is sarcoma cancer,4313,1,what
how to measure a bike,649,1,unknown
how did the industrial revolution start,347,1,unknown
where did line dancing originate from,274,1,unknown
area code 540,389,1,unknown
how many pages is 3000 words,1731,1,unknown
montgomery county texas,615,1,what
how does a catapult work,403,1,unknown
how to kill mosquitoes,273,1,unknown
what is your name?,249,1,what
what is a pollutant,1071,1,what
how do i make saline solution,2072,1,unknown
what does virtue mean,520,1,what
torrent 3 1 3,344,1,unknown
what eats an eagle,1301,1,what
higiene e saude,298,1,unknown
pictures of scalp eczema,1340,1,what
care of orange trees,428,1,what
how old is kendrick lamar,367,1,unknown
what do carpet mites look like,496,1,what
mercedes s600 v12,429,1,unknown
what is red oxide primer,279,1,what
what date did michael jackson die,537,1,what
what is alum powder,491,1,what
how to build a crab trap,300,1,unknown
a guitar chord chart,2934,1,unknown
what are linking verbs,339,1,what
what is flax seed,2172,1,what
how to make fudge,816,1,unknown
why do people crave vinegar,766,1,unknown
celebrities who died in 2012,5774,1,who
what is emotional development?,301,1,what
why is bibliography important,421,1,unknown
area code 720,328,1,unknown
shedd aquarium coupons,248,1,unknown
how to demagnetize metal,535,1,unknown
how fast does gasoline evaporate,302,1,unknown
what are kentucky natural resources,668,1,what
what to serve with pork roast,474,1,what
how to set up e mail,732,1,unknown
what time does costco close,1083,1,when
birthday memorial verses,352,1,unknown
where do green eyes come from,371,1,unknown
house plans that look like barns,356,1,what
how do bees make honeycombs,792,1,unknown
what is a white dwarf star,322,1,what
how long to cook cornish hens,1814,1,unknown
what are the sources of energy,483,1,what
tooth number diagram,2047,1,unknown
pictures of labradoodles,275,1,what
sks 30 round magazine,3051,1,unknown
what is a carcinoma,323,1,what
how tall was napoleon bonaparte,562,1,unknown
what is watson 349,465,1,what
what is gluten free diet,1261,1,what
what is stenosis of the neck,1879,1,what
what are muscles,345,1,what
where to buy zoya polish,746,1,unknown
what is distilled water,943,1,what
how to figure square feet,2598,1,unknown
what is economic diversity,383,1,what
jorge e mateus musica nova,1005,1,unknown
does melanoma itch,288,1,affirmation
ouvir musicas gratis e baixar,500,1,unknown
resume samples high school,381,1,unknown
what caused the battle of saratoga,266,1,what
eri tv live,2038,1,what
how does cellular respiration work,315,1,unknown
apple applications what s app,410,1,what
what is a sim card,9707,1,what
serial number engine,1047,1,unknown
what do monkeys eat,2558,1,what
what is dopamine used for,272,1,what
what did theodore roosevelt do,568,1,what
boot camp for girls,385,1,what
what does oem stand for,2529,1,what
how to make maroon,758,1,unknown
what is a colon cancer,507,1,what
what is a watt,364,1,what
mary maxim catalogue,2848,1,unknown
area code 410,376,1,unknown
where is potassium nitrate found,320,1,unknown
who wrote the pledge of allegiance,336,1,who
microsoft number for xbox,3439,1,what
mickey mouse party supplies,360,1,unknown
how long to cook chicken,372,1,unknown
king ranch catalog,367,1,what
who is david baldacci,621,1,who
what does mantra mean,598,1,what
how much money does disney make,431,1,unknown
mapas e rotas rj,877,1,unknown
why do people stereotype,353,1,unknown
convert 1 liters to cups,1194,1,who
picture of muskrats,262,1,what
what is the best protein powder,738,1,what
what is an environment,719,1,what
what do starfish look like,278,1,what
what is the cause of diabetes,2187,1,what
what is a browser,3953,1,what
how to report,944,1,unknown
how to remove asbestos,426,1,unknown
coupons busch gardens,300,1,unknown
puppies perth for sale,317,1,what
driving directions in seattle  wa,287,1,unknown
what is geothermal energy,643,1,what
what is personal hygiene?,322,1,what
where are penguins found,450,1,unknown
what is social order,529,1,what
what is normal blood sugar reading,907,1,what
how does bacteria grow,614,1,unknown
how many country in world,439,1,unknown
what are hives caused from,311,1,what
what is a plane in geometry,248,1,what
hood county texas map,269,1,what
how to introduce a guest speaker,376,1,unknown
truck troubleshooting,527,1,unknown
how much do flight attendants make,1584,1,unknown
what is considered a fever,10945,1,what
what is a mobile hotspot,1290,1,what
what is the strongest antibiotic,565,1,what
how dress wake,1466,1,unknown
fox tv,4471,1,what
chat rooms free,532,1,unknown
what causes c diff,427,1,what
what is contempt of court,415,1,what
when does fishing season start,2001,1,when
what does frogs eat,277,1,what
how did rocky dennis die,1015,1,unknown
which jedi used a purple lightsaber,33031,1,unknown
download need for speed carbon,346,1,what
what is hipaa compliance,517,1,what
how do fish reproduce,1000,1,unknown
address to mail federal taxes,316,1,unknown
how to roast nuts,382,1,unknown
fafsa toll free number,446,1,unknown
how to repair ge dryer,389,1,unknown
phone number for airtran airways,398,1,unknown
how to write a skit,333,1,unknown
what is leprosy,582,1,what
huntington bank in michigan,405,1,what
how do you renew a passport,307,1,unknown
tv azteca en vivo futbol,2222,1,what
